pipeline_id,company_name,email,phone,website,country,city,segment,icp_grade,tags,cold_subject,cold_opener,crm_phrase,tz_line
85,Elite Aesthetics,info@elite-aesthetics.co.uk,01322 381 205,elite-aesthetics.co.uk,UK,"Greenhithe, Kent",Med spa / aesthetics,A,"clinic-outreach, grade-a, uk",Referred friends with no follow-up,"Your referral form pays GBP 25 to both sides and collects the referred friend's phone number and email, so you are steadily building a list of named, warm leads.

The catch is that someone has to ring them. Referred friends who never booked, plus consultations for Morpheus 8 or MINT threads that didn't go ahead, are probably sitting quietly in Pabau.",Pabau,"Worth 15 minutes? I'm on Bali time, so I can take a call in your morning."
86,rtwskin,support@rtwskin.co.uk,01892 22 22 22,rtwskin.co.uk,UK,"Royal Tunbridge Wells, Kent",Med spa / aesthetics,A,"clinic-outreach, grade-a, uk",Four divisions and an out-of-hours line,"You run four divisions from Cobden House, aesthetics, body, skin and dermatology, and publish an out-of-hours emergency line alongside the main number.

Alongside that you sell gift vouchers, pre-paid Aesthetic Packages, monthly offers and Kandoo finance. Each of those is a separate pool of people who paid or applied once, and the ones who never came back are usually still in Clinic Software.",Clinic Software,"Worth 15 minutes? I'm on Bali time, so I can take a call in your morning."
87,Epsom Skin Clinics,epsom@epsomskinclinics.com,01372 737280,epsomskinclinics.com,UK,"Epsom, Surrey (+ Peacehaven, East Sussex)",Plastic surgery,A,"clinic-outreach, grade-a, uk",Two sites and a 20% try-something-new offer,"You run a standing 20% off any single therapist service when an existing client tries something new, across Epsom and Peacehaven.

Offers like that tend to exist because a good share of the database only ever books one thing. Those one-treatment clients, plus refer-a-friend vouchers and newsletter sign-ups that never turned into appointments, are likely sitting idle in Pabau.",Pabau,"Worth 15 minutes? I'm on Bali time, so I can take a call in your morning."
88,Health & Aesthetics,info@healthandaesthetics.co.uk,01252 933133,healthandaesthetics.co.uk,UK,"Elstead (Godalming), Surrey",Med spa / aesthetics,A,"clinic-outreach, grade-a, uk",A bespoke plan from every consultation,"Every consultation at Oak House ends with a bespoke treatment plan, and you have two doctors, three aesthetic practitioners and four reception staff delivering everything from CoolSculpting to exosomes.

Each plan that was written but never booked is a documented opportunity. Over time those, along with gift voucher buyers who never redeemed, tend to pile up quietly in Pabau.",Pabau,"Worth 15 minutes? I'm on Bali time, so I can take a call in your morning."
89,The Skin to Love Clinic,info@theskintoloveclinic.co.uk,01727 837429,theskintoloveclinic.co.uk,UK,"St Albans, Hertfordshire",Med spa / aesthetics,A,"clinic-outreach, grade-a, uk",Money on account in the Beauty Bank,"Your Beauty Bank lets clients deposit money and draw it down later, alongside a Wrinkle Relaxing Membership, pre-paid courses and 0% finance through Buyline.

Unspent balances are about the warmest lead a clinic can have, since the client has already paid. The ones who deposited, lapsed on a membership or stopped mid-course are probably sitting in Phorest without anyone ringing them.",Phorest,"Worth 15 minutes? I'm on Bali time, so I can take a call in your morning."
93,The Manse Clinic,info@themanseclinic.com.au,02 9331 5005,themanseclinic.com.au,AU,Sydney,Med spa / aesthetics,A,"clinic-outreach, grade-a, au",The Manse Glow and free online consults,"You run branded programmes, The Manse Glow, The Manse Filter and a dedicated Rejuran Clinic, off the back of a free introductory online consultation across Paddington and the CBD.

That makes the consult list the most valuable thing in the building. The people who had the free consult, or bought a gift card through the Zenoti store, and never booked in are likely still sitting there.",Zenoti,"Worth 15 minutes? I'm on Bali time, so we're only a few hours apart."
94,Rejuvenation Clinics of Australia,info@rejuvaustralia.com.au,1300 889 935,rejuvaustralia.com.au,AU,Sydney,Med spa / aesthetics,A,"clinic-outreach, grade-a, au",A $100 voucher with tight fences,"Your $100 new-client voucher only applies to a first in-clinic treatment after a consultation, and excludes lip flips, medical services, products and packages, across George St and Chatswood.

An offer that controlled keeps refilling a list of people who consulted and never converted. Many of them will have paid the $75 deposit too, and are probably still sitting in Zenoti.",Zenoti,"Worth 15 minutes? I'm on Bali time, so we're only a few hours apart."
96,Cityskin Cosmetic Clinic,support@cityskin.com.au,1800 248 975,cityskin.com.au,AU,Melbourne,Med spa / aesthetics,A,"clinic-outreach, grade-a, au",Free consults across six Melbourne clinics,"Every new patient gets a complimentary 30-minute consultation, across six Melbourne clinics, and the whole booking flow runs through one embedded Cliniko widget.

That adds up to years of free consults sitting in a single system. A fair share of those people took the consultation, went home to think about it and never booked a treatment.",Cliniko,"Worth 15 minutes? I'm on Bali time, so we're only a few hours apart."
97,Skintech Medical Cosmetic Clinic,info@skintech.com.au,1300 888 838,skintech.com.au,AU,Melbourne,Med spa / aesthetics,A,"clinic-outreach, grade-a, au",Two business days on a free consult,"You offer free nurse and therapist consultations and a $30 doctor consult across Box Hill, Glen Waverley, Dandenong and Adelaide, and your contact page promises a reply within two business days.

On a free-consult funnel, two days is often long enough for a lead to book somewhere else. The ones who never came back are probably still in Zenoti.",Zenoti,"Worth 15 minutes? I'm on Bali time, so we're only a few hours apart."
98,Injex Clinics,brisbane@injexclinics.com,0468 364 222,injexclinics.com,AU,Brisbane,Med spa / aesthetics,A,"clinic-outreach, grade-a, au",Four inboxes and one Shortcuts database,"You run a separate inbox and phone line for each of the Brisbane CBD, Aspley, Capalaba and Springfield Lakes clinics, all feeding a single Shortcuts booking system.

Four front doors make it easy for each clinic to work its own day and nobody to own the history. Free consults, gift card buyers and package enquiries that went quiet are likely sitting in that one database.",Shortcuts,"Worth 15 minutes? I'm on Bali time, so we're only a few hours apart."
99,The Skin Lab,reception@theskinlab.com.au,07 3832 4370,theskinlab.com.au,AU,Brisbane,Med spa / aesthetics,A,"clinic-outreach, grade-a, au",Fifteen clinicians and $425 vouchers,"You sell $250 and $425 vouchers through Timely, with a SkinCeuticals gift pack on anything over $250, and have fifteen clinicians at Wickham Terrace including seven doctors.

That leaves a standing pile of prepaid value waiting on an appointment. Unredeemed voucher holders and lapsed members are probably sitting in Timely next to the patients who came once and never rebooked.",Timely,"Worth 15 minutes? I'm on Bali time, so we're only a few hours apart."
101,The Coastal Clinic,admin@thecoastalclinic.com.au,07 5683 0820,thecoastalclinic.com.au,AU,Gold Coast,Plastic surgery,A,"clinic-outreach, grade-a, au","Two booking systems, one patient","You charge $300 for a cosmetic consultation and run aesthetics on Zenoti, while skin checks are booked through HealthEngine, across Southport, Mackay and Varsity Lakes.

That split means a patient who paid for one consult can be invisible to the other side. People who consulted about surgery and didn't go ahead are likely sitting across both systems untouched.",Zenoti and HealthEngine,"Worth 15 minutes? I'm on Bali time, so we're only a few hours apart."
103,Skin Forum,info@skinforum.com.au,07 5576 6082,skinforum.com.au,AU,Gold Coast,Med spa / aesthetics,A,"clinic-outreach, grade-a, au",Prepaid treatment wallet balances,"You run a treatment wallet where clients prepay and draw down later, alongside vouchers and payment plans across Burleigh Waters and Chirn Park.

Unspent wallet balances are about the warmest lead going, since the money is already in. Those, plus newsletter subscribers who never booked and one-time Morpheus8 or HIFU clients, are probably sitting in Timely.",Timely,"Worth 15 minutes? I'm on Bali time, so we're only a few hours apart."
104,Bramis Facial Rejuvenation Clinics,info@bramis.com.au,08 9388 2697,bramis.com.au,AU,Perth,Med spa / aesthetics,A,"clinic-outreach, grade-a, au",A $50 booking fee across four clinics,"You charge a $50 booking fee that is deducted from treatment or refunded on cancellation, on top of free consultations across Subiaco, Inglewood, Currambine and Dunsborough.

Every cancelled or credited booking is a named person who showed real intent. Those, alongside free consults that never became treatment and unredeemed vouchers, are likely still sitting in Phorest.",Phorest,"Worth 15 minutes? I'm on Bali time, so we're only a few hours apart."
105,MedAesthetics,info@medaesthetics.com.au,08 9381 5840,medaesthetics.com.au,AU,Perth,Med spa / aesthetics,A,"clinic-outreach, grade-a, au",Three-year gift cards across seven clinics,"Your gift cards run for three years and can only be redeemed after a clinical assessment, across seven Perth clinics from Subiaco to Butler.

That means a rolling stack of prepaid value waiting on an assessment someone has to book. Unredeemed card holders, plus assessments that never led to treatment, are probably sitting in Zenoti.",Zenoti,"Worth 15 minutes? I'm on Bali time, so we're only a few hours apart."
106,Skindeep Medi Spas,central@skindeep.net.au,08 9226 2997,skindeep.net.au,AU,Perth,Med spa / aesthetics,A,"clinic-outreach, grade-a, au","Four medi-spas, four calendars","You run Mullaloo, Floreat, Perth CBD and Swan Valley each with its own Phorest calendar, phone line and inbox, on top of Skin Health Memberships.

Split that way, lapsed members and unredeemed vouchers end up spread across four sites with no single owner for the follow-up. Most of them are likely still sitting in Phorest, waiting for someone to ask.",Phorest,"Worth 15 minutes? I'm on Bali time, so we're only a few hours apart."
107,Lumiere Clinic,info@lumiereclinic.co.uk,0161 236 6500,lumiereclinic.co.uk,UK,Manchester (+ Cheadle),Med spa / aesthetics,A,"clinic-outreach, grade-a, uk",Gifted consultations and one Pabau portal,"You sell treatment packages and gifted consultations through an online shop and run both City Road and Cheadle off a single Pabau portal.

So every unredeemed package and gifted consultation is already in one place. Those, along with free consultations that didn't book in for surgery or laser, are likely sitting idle in Pabau.",Pabau,"Worth 15 minutes? I'm on Bali time, so I can take a call in your morning."
108,The Academy Clinic,manchester@theacademyclinic.co.uk,0161 865 1141,theacademyclinic.co.uk,UK,Manchester (+ two London sites),Med spa / aesthetics,A,"clinic-outreach, grade-a, uk","Inherited SkinViva credit, now in Zenoti","You still honour SkinViva credit and gift vouchers, and the whole book now sits in one Zenoti instance across Quay Street and your two London sites.

That is a list of people already holding money with you, and some of them may not have been in since the SkinViva days or know the credit still stands.",Zenoti,"Worth 15 minutes? I'm on Bali time, so I can take a call in your morning."
109,Kat & Co,enquiry@katandco.healthcare,0121 456 7930,cckat.com,UK,Birmingham (+ Manchester),Plastic surgery,A,"clinic-outreach, grade-a, uk",Provisional bookings waiting on a callback,"Online bookings at your Birmingham and Manchester clinics stay provisional until someone on the team rings the patient back to confirm and take the £50 deposit.

Every provisional booking that never got that call is still sitting in MXPortal: a surgical enquiry who chose a slot and may never have been reached.",MXPortal,"Worth 15 minutes? I'm on Bali time, so I can take a call in your morning."
110,MediZen Aesthetics,info@medizen.co.uk,0121 308 4373,medizen.co.uk,UK,Birmingham,Med spa / aesthetics,A,"clinic-outreach, grade-a, uk","Since 1999, and the lapsed monthly plans","You have been running since 1999 and sell monthly plans for facials, injectables and laser, alongside thread lifts, CoolSculpting and truSculpt.

Twenty-seven years in, Zenoti is likely holding a long list of lapsed plan members, free consultations that never booked, and body-contouring enquiries nobody went back to.",Zenoti,"Worth 15 minutes? I'm on Bali time, so I can take a call in your morning."
111,Dermoperfection Medical Skin Clinic,info@Dermoperfection.co.uk,0121 439 4350,dermoperfection.co.uk,UK,Birmingham,Med spa / aesthetics,A,"clinic-outreach, grade-a, uk","50,000 treatments and a redeemable consultation fee","Your consultation fee is redeemable against treatment, and the Mailbox clinic has carried out more than 50,000 treatments.

So somewhere in Timely is a list of people who paid for a consultation and still hold credit against a treatment they never booked, plus gift voucher buyers who never came in.",Timely,"Worth 15 minutes? I'm on Bali time, so I can take a call in your morning."
114,Azthetics Clinic,info@aztheticsclinic.co.uk,01179 733 666,aztheticsclinic.co.uk,UK,"Bristol (+ Weston-super-Mare, Taunton)",Med spa / aesthetics,A,"clinic-outreach, grade-a, uk","Three clinics, one Pabau, unclaimed £40 credit","Your acne and skin consultation costs £40 and is redeemable against treatment, and all three clinics, Bristol, Weston-super-Mare and Taunton, run on the one Pabau system.

That puts unclaimed consultation credit, free consultations that never booked and half-finished courses in a single database, and most of it is likely untouched.",Pabau,"Worth 15 minutes? I'm on Bali time, so I can take a call in your morning."
115,McKeown Medical,info@drdarrenmckeown.com,0141 370 0509,drdarrenmckeown.com,UK,Glasgow,Plastic surgery,A,"clinic-outreach, grade-a, uk",Two surgical enquiry forms and a callback,"Bookings run through Phorest, but surgical enquiries at Bath Street go through two separate forms, start a consultation and request a callback, and both depend on someone phoning back.

Anyone who filled in either form and was not reached is a facelift, eyelid or liposuction enquiry that has quietly gone cold.",Phorest,"Worth 15 minutes? I'm on Bali time, so I can take a call in your morning."
116,Luxe Skin,info@luxeskin.co.uk,0141 573 1473,luxeskin.co.uk,UK,Glasgow,Med spa / aesthetics,A,"clinic-outreach, grade-a, uk",Q-Plan lapses and unused birthday vouchers,"Q-Plan, your tiered monthly membership, comes with birthday vouchers, skincare gifts and treatment discounts, all running alongside free consultations in Zenoti.

That usually leaves two quiet groups at Ingram Street: members who paused or lapsed, and people holding a birthday voucher they never came in to use.",Zenoti,"Worth 15 minutes? I'm on Bali time, so I can take a call in your morning."
117,The Mayfield Clinic,hello@themayfieldclinic.co.uk,0131 467 1450,themayfieldclinic.co.uk,UK,Edinburgh,Plastic surgery,A,"clinic-outreach, grade-a, uk","30,000 procedures and a Collums voucher shop","Your founder is credited with more than 30,000 procedures over 15 years, and you sell gift vouchers through your own Collums portal.

A book that deep, with prepaid value sitting on top of it, tends to hold a lot of past patients and voucher holders who simply never got asked back.",Collums,"Worth 15 minutes? I'm on Bali time, so I can take a call in your morning."
118,DRVICTORIA Skin Clinic,enquiries@drvictoria.co.uk,0131 226 9610,drvictoria.co.uk,UK,Edinburgh,Med spa / aesthetics,A,"clinic-outreach, grade-a, uk",Paid consultations at Alva Street,"You charge for consultations on purpose, to keep the advice unbiased, and there are twelve people on the team at Alva Street.

That makes every past consultation a paying, qualified patient, and the ones in Clinicminds who never rebooked are probably the most valuable list you own.",Clinicminds,"Worth 15 minutes? I'm on Bali time, so I can take a call in your morning."
123,The Kelly Clinic,dublin@thekellyclinic.com,01 265 5697,thekellyclinic.com,IE,Dublin (Sandyford) + Galway,Plastic surgery,A,"clinic-outreach, grade-a, ie","Phorest in Dublin, Zenoti in Galway","You book through Phorest in Sandyford and Zenoti in Galway, so your patient list is split across two systems under one practice.

That makes it easy for both halves to go unworked: gift voucher holders, people who looked at Klarna, and past surgical consultations, in two places that never see each other.",Phorest and Zenoti,"Worth 15 minutes? I'm on Bali time, so I can take a call in your morning."
124,The FILO Clinic,cork@thefiloclinic.ie,+353 87 788 9009,thefiloclinic.ie,IE,Cork (Ballincollig) + Dublin (Charlestown),Med spa / aesthetics,A,"clinic-outreach, grade-a, ie",Free VISIA scans that never booked,"Your front door is a free VISIA skin analysis, offered whether or not someone books a treatment, across Ballincollig and Charlestown.

So Zenoti holds everyone who was scanned, told what their skin needed, and never came back, plus the buyers of gift vouchers sold through the same store.",Zenoti,"Worth 15 minutes? I'm on Bali time, so I can take a call in your morning."
125,ORA Skin Clinic,hello@oraskinclinic.ie,01 538 3052,oraskinclinic.ie,IE,Dublin (Sandyford) + Cork (Ballincollig),Med spa / aesthetics,A,"clinic-outreach, grade-a, ie",ORA Rewards balances and unspent gift cards,"ORA Rewards points and your gift cards both run through Phorest, the same system you book on in Sandyford and Ballincollig.

That means points balances and unspent vouchers are already sitting next to the patients who own them, and an unused balance is about the easiest reason there is to get in touch.",Phorest,"Worth 15 minutes? I'm on Bali time, so I can take a call in your morning."
127,Clinic 1,beauty@clinic1.co.nz,021 241 0312,clinic1.co.nz,NZ,Auckland (Ponsonby + Karaka) + Christchurch,Med spa / aesthetics,A,"clinic-outreach, grade-a, nz",The no-show list in Fresha,"You take card details on every booking without charging upfront, and charge 30% for a no-show, across Ponsonby, Karaka and Christchurch.

So Fresha already holds a named list of no-shows and late cancellations who may never have rebooked, which is about the warmest apology list a clinic can have.",Fresha,"Worth 15 minutes? I'm on Bali time, so your afternoon is my morning."
129,Enhance Skin Cosmetic Clinic,info@enhanceskinclinic.com.au,0403 292 292,enhanceskinclinic.com.au,AU,Adelaide (Largs Bay + Norwood),Med spa / aesthetics,A,"clinic-outreach, grade-a, au",Skin Club members at month six,"Your Skin Club runs three tiers at $50, $65 and $105 a week, each on a six-month commitment, across Largs Bay and Norwood.

That means a cohort of paying members reaches the end of their term every six months, and the ones who quietly let it lapse are still sitting in Timely.",Timely,"Worth 15 minutes? I'm on Bali time, so we're only a few hours apart."
130,The R Clinic,contact@rclinic.com.au,02 5119 3898,rclinic.com.au,AU,Canberra (Belconnen),Med spa / aesthetics,A,"clinic-outreach, grade-a, au",The $30 launch night ticket,"You ran a $30-a-ticket acne clinic launch evening, with the ticket redeemable against a booking on the night.

Everyone who paid to turn up and did not book is a named lead with a priced intent in Timely, alongside R Collective Rewards members and people who dropped out of a treatment journey part-way.",Timely,"Worth 15 minutes? I'm on Bali time, so we're only a few hours apart."
131,Prime Cosmetic Clinic,admin@primecosmetic.com.au,02 6189 9633,primecosmetic.com.au,AU,Canberra (Braddon) + Melbourne (Camberwell),Med spa / aesthetics,A,"clinic-outreach, grade-a, au",Packages that expire at twelve months,"Your packages are non-refundable and expire twelve months after purchase, alongside a prepaid treatment wallet and Gold and Platinum+ memberships in Braddon and Camberwell.

That gives you a dated list in Shortcuts of people holding credit that is about to run out, and a deadline is the easiest reason to call anyone.",Shortcuts,"Worth 15 minutes? I'm on Bali time, so we're only a few hours apart."
132,XO Aesthetics,admin@xoaesthetics.com.au,02 4031 8899,xoaesthetics.com.au,AU,Newcastle (The Junction) + Sydney (Dulwich Hill),Med spa / aesthetics,A,"clinic-outreach, grade-a, au","Two cities, one Fresha","The Junction and Dulwich Hill both run off a single Fresha instance, which also sells your gift cards.

So one database holds patients from both cities and every outstanding voucher, which makes the people who have not been back in a while unusually easy to find.",Fresha,"Worth 15 minutes? I'm on Bali time, so we're only a few hours apart."
133,Aesthete Sunshine Coast,admin@aesthetesunshinecoast.com.au,07 5379 3171,aesthetewellness.com.au,AU,Sunshine Coast (Maroochydore),Med spa / aesthetics,A,"clinic-outreach, grade-a, au",Two concierges on a team of ten,"You have two full-time patient concierges on a ten-person team, with bookings and gift cards running through Timely, six days a week.

That is a team that already gets more enquiries than it converts. The ones the concierges never got back to, and the gift card holders who never booked, are probably still sitting in Timely.",Timely,"Worth 15 minutes? I'm on Bali time, so we're only a few hours apart."
134,"Geelong Veins, Skin & Laser",reception@geelongveinsskinlaser.com.au,03 5229 6866,geelongveinsskinlaser.com.au,AU,Geelong,Med spa / aesthetics,A,"clinic-outreach, grade-a, au",Free skin analyses since 1991,"You have been doctor-led in Geelong since 1991, with doctors, specialists, nurses and dermal clinicians under one roof, and you still offer a free skin analysis.

That is a lot of consultations sitting in Kitomba. Most of the people who had the analysis, or drifted off a Skincare Plan partway through, have probably not heard from you since.",Kitomba,"Worth 15 minutes? I'm on Bali time, so we're only a few hours apart."
137,Cool Springs Plastic Surgery,info@csps.me,(615) 771-7718,coolspringsplasticsurgery.net,US,"Nashville / Brentwood / Franklin / Mt. Juliet, TN",Plastic surgery,A,"clinic-outreach, grade-a, us","Four Tennessee locations, one Symplast instance","All four of your Tennessee locations run off one Symplast instance, with CareCredit and PatientFi offered alongside a full surgical menu.

That puts every consult that never converted in a single system, with the financing history attached. Those are people who got as far as asking how to pay for surgery, then went quiet.",Symplast,"Worth 15 minutes? I'm on Bali time, so your evening is my morning and I can work around you."
138,Amalie Aesthetics and Wellness,info@amalieaesthetics.com,,amalieaesthetics.com,US,"Nashville + Brentwood, TN",Med spa / aesthetics,A,"clinic-outreach, grade-a, us",Lapsed members at $225 to $400 a month,"You run three skin memberships at $225, $325 and $400 a month, each with a treatment and a complimentary dermaplane, plus GLP-1 memberships on three-month commitments.

A lapsed member is someone who was paying you every month and simply stopped. Across two locations, those people are likely sitting in Boulevard with nobody assigned to ask why.",Boulevard,"Worth 15 minutes? I'm on Bali time, so your evening is my morning and I can work around you."
139,Med Aesthetics Miami,info@medaestheticsmiami.com,,medaestheticsmiami.com,US,"Coral Gables / Aventura / Lauderdale-by-the-Sea, FL",Med spa / aesthetics,A,"clinic-outreach, grade-a, us","Three centers, three inboxes, one club","You run the More than Beauty Club at $69 a month and a $375 body contouring tier across Coral Gables, Aventura and Lauderdale-by-the-Sea, each center with its own inbox.

The members are pooled but the follow-up is split three ways. Lapsed members and old inquiries tend to fall into the gap between the desks.",NexHealth,"Worth 15 minutes? I'm on Bali time, so your evening is my morning and I can work around you."
142,Georgia Plastic & Reconstructive Surgery,info@georgiaplastic.com,(770) 343-5959,georgiaplastic.com,US,"Atlanta + Marietta, GA",Plastic surgery,A,"clinic-outreach, grade-a, us",$150 virtual consults that went quiet,"You charge $150 for a virtual consultation and run a Virtual Price Guide as a lead magnet feeding a GoHighLevel form, alongside a dedicated out-of-town program.

So your CRM holds people who paid to be quoted and then went quiet. That is about as warm as a dormant lead gets.",GoHighLevel,"Worth 15 minutes? I'm on Bali time, so your evening is my morning and I can work around you."
146,The Injection Room,info@theinjectionroom.com,(512) 330-4535,theinjectionroom.com,US,"Austin + San Antonio x2, TX",Med spa / aesthetics,A,"clinic-outreach, grade-a, us","Toxin Thursday, once and never again","Your three locations in Austin and San Antonio run on a single Boulevard instance, with a recurring Toxin Thursday discount bringing people in.

That database is likely full of people who came once for the offer and were never asked back at full price, plus the ones who looked at CareCredit or a payment plan and stopped there.",Boulevard,"Worth 15 minutes? I'm on Bali time, so your evening is my morning and I can work around you."
152,MDSkin Lounge,info@mdskinlounge.com,833.640.2486,mdskinlounge.com,US,"Phoenix & Scottsdale, AZ (4 sites)",Med spa / aesthetics,A,"clinic-outreach, grade-a, us","SkinClub, VIP and a loyalty program","You run SkinClub Essential at $175 a month and VIP at $275 a month across four Phoenix and Scottsdale locations, with a separate loyalty program on top.

That is three overlapping lists of people who were paying you regularly and may have stopped. Add the gift card holders who never booked, and it is four.",Zenoti,"Worth 15 minutes? I'm on Bali time, so your evening is my morning and I can work around you."
153,The Med Lounge,ladera@themedlounge.com,(949) 210-3420,themedlounge.com,US,"Orange County + North County San Diego, CA (3 sites)",Med spa / aesthetics,A,"clinic-outreach, grade-a, us","Three clinics, two metros, one loyalty list","You run one Aesthetic Record instance across three clinics in Orange County and North County San Diego, with a shared Loyalty Memberships program.

So the whole lapsed-member list is already in one place, just unworked. Add the people who took the 20% new-patient offer once, or looked at Cherry or PatientFi, and never came back.",Aesthetic Record,"Worth 15 minutes? I'm on Bali time, so your evening is my morning and I can work around you."
154,Coastal Medical Aesthetics,info@coastalmedi.com,(858) 705-4489,coastalmedi.com,US,"Del Mar / San Diego, CA",Med spa / aesthetics,A,"clinic-outreach, grade-a, us",Coastal Club credit with a date on it,"Coastal Club members bank $99 a month in credit that rolls over and does not expire until twelve months after banking, across your four locations.

That is a literal pool of unspent money with a date on it, sitting in Zenoti. Members who stopped coming in still have credit running down, and most would rather be reminded than lose it.",Zenoti,"Worth 15 minutes? I'm on Bali time, so your evening is my morning and I can work around you."
155,White Coat Aesthetics,info@whitecoataesthetics.com,(702) 919-0017,whitecoataesthetics.com,US,"Las Vegas, NV",Med spa / aesthetics,A,"clinic-outreach, grade-a, us",Twelve-month plans already written,"Your VIP members get a free twelve-month treatment plan written for them, alongside a complimentary facial balancing consult valued at $75.

So somebody has already documented exactly what each of those people was going to buy, and when. The ones who fell off the plan partway through, or had the consult and never started, are already in Aesthetic Record.",Aesthetic Record,"Worth 15 minutes? I'm on Bali time, so your evening is my morning and I can work around you."
156,Rejuvent Medical Spa & Surgery,info@rejuvent.com,480-889-8880,rejuvent.com,US,"Scottsdale, AZ",Plastic surgery,A,"clinic-outreach, grade-a, us",Aspire credit waiting on the next injection,"Your Aspire points redeem in $20 blocks against the next injection appointment, on top of a $20 signup certificate and complimentary consultations.

So every lapsed patient is sitting on credit that only converts if they come back, and nobody is telling them. The consultations that never turned into a procedure are likely in Nextech too.",Nextech,"Worth 15 minutes? I'm on Bali time, so your evening is my morning and I can work around you."
157,Plastics Medspa,concierge@plasticsmedspa.com,(480) 931-3008,plasticsmedspa.com,US,"Scottsdale, AZ (2 sites)",Med spa / aesthetics,A,"clinic-outreach, grade-a, us",Unredeemed RepeatMD member credit,"Your membership runs on its own RepeatMD app across your two Scottsdale locations, and RepeatMD is a prepaid-credit platform.

So the unredeemed member credit is already itemized. It just needs someone to act on it, starting with the members who paid in and stopped booking.",RepeatMD,"Worth 15 minutes? I'm on Bali time, so your evening is my morning and I can work around you."
158,Newvue Medical,info@newvueplasticsurgery.com,(425) 463-9883,newvuemedical.com,US,"Bellevue & Kirkland, WA",Plastic surgery,A,"clinic-outreach, grade-a, us","Cherry approvals up to $50,000, never booked","You offer Cherry approvals up to $50,000 with no hard credit check, plus CareCredit, across the Bellevue surgery center and the Kirkland clinic, and your lead capture already runs on GoHighLevel.

That usually leaves a list of people who were cleared to spend serious money and never booked the consultation, sitting in a system you already own.",GoHighLevel,"Worth 15 minutes? I'm on Bali time, so your evening is my morning and I can work around you."
159,Glow Medispa,info@glowspaseattle.com,(206) 228-7281,glowspaseattle.com,US,"West Seattle & Kirkland, WA",Med spa / aesthetics,A,"clinic-outreach, grade-a, us",Three VIP tiers closed to new members,"You still run three legacy tiers, VIP 20, VIP 60 and VIP 100, closed to new members but live for the people who joined before Glow Plus launched.

Those are some of your longest-standing clients, and in most clinics nobody has spoken to them in years. They sit in Zenoti alongside whoever is holding a gift card they never used.",Zenoti,"Worth 15 minutes? I'm on Bali time, so your evening is my morning and I can work around you."
160,Deluxe Med Spa,concierge@deluxemedspa.com,(213) 900-9777,deluxemedspa.com,US,"Los Angeles + Orange County, CA (5 sites)",Med spa / aesthetics,A,"clinic-outreach, grade-a, us","Five sites, one complimentary skin assessment","All five of your Southern California locations lead with the same call to action, a complimentary skin assessment, and they all run on one Zenoti tenant.

So every free assessment across LA and Orange County is pooled in one place, including everyone who came in for the opinion and never booked the treatment.",Zenoti,"Worth 15 minutes? I'm on Bali time, so your evening is my morning and I can work around you."
168,Glamoi Med Spa,hello@glamoi.com,(212) 433-4526,glamoi.com,US,"New York, NY (Chelsea + Flushing)",Med spa / aesthetics,A,"clinic-outreach, grade-a, us",Banked credits in the Glamoi Membership Club,"Your $99 a month Glamoi Membership Club lets members bank credits toward bigger procedures instead of using the monthly service, across Chelsea and Flushing.

That builds a pot of saved-up credit waiting on a decision nobody is prompting, plus lapsed members who stopped paying before they ever spent it.",AestheticsPro,"Worth 15 minutes? I'm on Bali time, so your evening is my morning and I can work around you."
169,UPKEEP Med Spa,info@upkeepmedspa.com,(833) 875-3377,upkeepmedspa.com,US,New York NY (5 sites) + Dallas,Med spa / aesthetics,A,"clinic-outreach, grade-a, us","Free consultations since 2019, seven locations","You have run complimentary consultations since 2019 across seven locations in New York and Dallas, all on one Boulevard instance.

That is years of people who came in for a free opinion and never booked, sitting in a single database nobody has the time to work through by hand.",Boulevard,"Worth 15 minutes? I'm on Bali time, so your evening is my morning and I can work around you."
170,SKINNEY Medspa,customerservice@skinneymedspa.com,212-754-6639,skinneymedspa.com,US,"New York, NY (4 sites) + Miami",Med spa / aesthetics,A,"clinic-outreach, grade-a, us","Cherry, CareCredit and Alphaeon at 0%","You carry three finance providers at 0%, Cherry, CareCredit and Alphaeon, and run separate booking flows for new and existing clients across five locations.

So you already know the two groups behave differently. The people who were pre-approved and never proceeded are a third group, and they rarely get a follow-up.",Boulevard,"Worth 15 minutes? I'm on Bali time, so your evening is my morning and I can work around you."
171,BeautyFix MedSpa,customerservice@beautyfixmedspa.com,(212) 366-4787,beautyfixmedspa.com,US,New York NY (3 sites) + West Hartford CT,Plastic surgery,A,"clinic-outreach, grade-a, us",Six finance partners on one page,"Your financing page lists six partners, Cherry, Alphaeon, United Medical Credit, CareCredit, Affirm and Zip, serving all five of your locations.

Every abandoned application is someone who wanted a procedure badly enough to apply for credit. Many of those names are likely already in GoHighLevel, untouched since the day they applied.",GoHighLevel,"Worth 15 minutes? I'm on Bali time, so your evening is my morning and I can work around you."
172,Bare Aesthetic MedSpa,wecare@getbare.com,201-564-7521,getbare.com,US,Norwood NJ + Warwick NY,Med spa / aesthetics,A,"clinic-outreach, grade-a, us",An email opt-in and a free consult,"You run a 20% off first treatment email opt-in alongside a separate free-consultation booking, plus The Bare Standard membership and PatientFi and Cherry financing.

That makes the mailing list and the consult pool two different aging lists, and in most clinics neither gets worked once the first email has gone out.",Acuity Scheduling,"Worth 15 minutes? I'm on Bali time, so your evening is my morning and I can work around you."
174,Attune Wellness Med Spa,stamford@attunemedspa.com,(203) 973-7829,attunemedspa.com,US,"Stamford + Greenwich, CT",Med spa / aesthetics,A,"clinic-outreach, grade-a, us","Purify, Rejuvenation and Always Attuned","Your three memberships, Purify at $149, Rejuvenation at $199 and Always Attuned at $249 a month, are all managed in Zenoti across Stamford and Greenwich.

That gives you three separate cohorts of lapsed members, each one having already told you exactly what they were willing to pay.",Zenoti,"Worth 15 minutes? I'm on Bali time, so your evening is my morning and I can work around you."
175,Premier Medical Aesthetics,premiermedicalaesthetics@gmail.com,(860) 499-4643,premiermedct.com,US,"Berlin + Ridgefield + Washington Depot, CT",Med spa / aesthetics,A,"clinic-outreach, grade-a, us",The Premier Wallet carry-over balance,"Your VIP membership runs a Premier Wallet where unused balance carries over month to month, across Berlin, Ridgefield and Washington Depot.

Which means you are likely holding money for people who have stopped coming in. They are easy to find in Aesthetic Record, and most only need a reason to book.",Aesthetic Record,"Worth 15 minutes? I'm on Bali time, so your evening is my morning and I can work around you."
176,Newtown MediSpa,appts@newtownmedispa.com,203-304-9725,newtownmedispa.com,US,"Newtown + Fairfield, CT",Med spa / aesthetics,A,"clinic-outreach, grade-a, us",Six loyalty schemes across two clinics,"You stack three of your own monthly clubs, Botox, TOX and Filler, on top of Alle, ASPIRE and a RepeatMD rewards program, plus Cherry interest-free plans.

Six schemes means six sets of unclaimed points and lapsed subscriptions, and nobody at a busy injector clinic has the time to chase them all.",TouchMD,"Worth 15 minutes? I'm on Bali time, so your evening is my morning and I can work around you."
177,La Chele Medical Aesthetics & Wellness,staff@lachelemedspa.com,855-522-4353,lachele.com,US,"New Hope / Newtown / Dresher / Newtown Square, PA",Med spa / aesthetics,A,"clinic-outreach, grade-a, us",Twelve providers and monthly loyalty credits,"You have twelve providers across four locations on one Zenoti instance, and the La Chele Loyalty Club issues personalized monthly credits to members.

Unredeemed credit builds faster than anyone could work through by hand, and the members who drifted away are still holding every unspent dollar of theirs.",Zenoti,"Worth 15 minutes? I'm on Bali time, so your evening is my morning and I can work around you."
178,PhillyMedClub,info@phillymedclub.com,(215) 770-1830,phillymedclub.com,US,"Philadelphia (Fishtown) + Camp Hill, PA",Med spa / aesthetics,A,"clinic-outreach, grade-a, us",Concierge primary care next to aesthetics,"You run a Concierge Primary Care membership alongside the aesthetics menu in Fishtown and Camp Hill, with Boulevard gift cards and Cherry financing on the side.

Concierge memberships tend to lapse quietly, and the people who let one go are some of the easiest to bring back. So are the Cherry applicants who never booked.",Boulevard,"Worth 15 minutes? I'm on Bali time, so your evening is my morning and I can work around you."
179,KP Aesthetics,info@kpaesthetics.com,(484) 420-4094,kpaesthetics.com,US,"Newtown Square, PA (Main Line)",Med spa / aesthetics,A,"clinic-outreach, grade-a, us","Four on reception, three finance links","You have four people on reception for a single Newtown Square site, and three practice-branded finance applications for PatientFi, CareCredit and Cherry.

That is a practice with real inbound, and three lists of people who started a credit application and stopped. Most of them never hear from the clinic again.",Boulevard,"Worth 15 minutes? I'm on Bali time, so your evening is my morning and I can work around you."
180,Skin Retreat Medspa,info@skinretreatmedspa.com,(267) 301-3535,skinretreatmedspa.com,US,"Philadelphia (Callowhill), PA",Med spa / aesthetics,A,"clinic-outreach, grade-a, us",A free Sofwave worth up to $600,"Both your memberships, Laser + Sofwave at $300 a month and Unlimited Tox at $195, expire a year from purchase and include a free Sofwave worth up to $600 that members have to claim.

So every member who has not claimed it has a hard deadline attached, and a very good reason to pick up the phone.",Mangomint,"Worth 15 minutes? I'm on Bali time, so your evening is my morning and I can work around you."
76,InLine Clinics,info@inlineclinics.com,0426 663 437,inlineclinics.com,AU,Canberra,Cosmetic medicine,B,"clinic-outreach, grade-b, au",One doctor and twenty-plus treatments,"Dr Jung personally performs every treatment at the Deakin clinic, yet the menu runs past twenty services, from thread lifts and HIFU to exosomes and Rejuran.

With one pair of hands that busy, the complimentary consultations with your clinic manager and the form enquiries waiting on a 24-48 hour reply are the ones most likely to drift. Most of them will still be sitting in Timely.",Timely,"Worth 15 minutes? I'm on Bali time, so we're only a few hours apart."
77,Advanced Cosmetic Medicine,info@advancedcosmeticmedicine.com.au,(08) 8239 0431,advancedcosmeticmedicine.com.au,AU,Adelaide,Cosmetic medicine,B,"clinic-outreach, grade-b, au",Kent Town consults and a second brand,"You have a dedicated marketing manager driving consultation bookings across the site, and you launched StranDr in 2024 as a second hair-restoration brand alongside the Kent Town clinic.

That is a lot of effort going into the front door. The people who paid the AUD 100 consult, didn't treat that day and never came back are likely still sitting in Shortcuts.",Shortcuts,"Worth 15 minutes? I'm on Bali time, so we're only a few hours apart."
91,Oxford Cosmetic Clinic,info@oxfordcosmeticclinic.com,01235 521555,oxfordcosmeticclinic.com,UK,"Ardington & Abingdon, Oxfordshire",Med spa / aesthetics,B,"clinic-outreach, grade-b, uk",A GBP 25 deposit on every booking,"Every appointment at Ardington and Abingdon carries a GBP 25 deposit that becomes non-refundable inside 48 hours, and the initial consultation is GBP 25, deducted from later treatment.

Both policies create records of people who paid something and didn't carry on. Those consultations that never turned into a treatment are likely sitting in Fresha, already paid for and waiting.",Fresha,"Worth 15 minutes? I'm on Bali time, so I can take a call in your morning."
92,Dr Ellie Sateei,enquiries@drelliesateei.com,+44 7931 292326,drelliesateei.com,UK,"St James's, London + Sevenoaks, Kent",Med spa / aesthetics,B,"clinic-outreach, grade-b, uk",The GBP 195 consult that walks away,"New patients pay GBP 195 for a consultation and only get it back if they treat the same day, across Pall Mall and Sevenoaks.

So anyone who consulted and went away to think about it has already paid to tell you they are interested. Those patients, plus referrals who never booked, are probably sitting in Timely with nothing following them up.",Timely,"Worth 15 minutes? I'm on Bali time, so I can take a call in your morning."
95,Privee Cosmetic Clinic,bookings@privee.com.au,0428 170 420,privee.com.au,AU,Sydney,Med spa / aesthetics,B,"clinic-outreach, grade-b, au",Vouchers and bookings in one Timely store,"You sell gift vouchers through the same Timely storefront you take bookings on at Darlinghurst, with a menu running from PDO threads to CO2 laser and Cosmelan.

That means unredeemed voucher balances and every past consultation are already in one system. The people who bought, consulted once and went quiet are likely sitting right there next to your active clients.",Timely,"Worth 15 minutes? I'm on Bali time, so we're only a few hours apart."
100,The Skin Clinicians,info@theskinclinicians.com.au,07 3899 8808,theskinclinicians.com.au,AU,Brisbane,Med spa / aesthetics,B,"clinic-outreach, grade-b, au",An Essentials Newsletter and a voucher store,"You run an Essentials Newsletter promising exclusive offers alongside a Timely voucher store, with eight clinicians and a practice manager at Riding Road.

So the list and the prepaid balances are both already there. What usually gets left behind is the follow-up: subscribers who never booked, vouchers never redeemed, and one-time patients still sitting in Timely.",Timely,"Worth 15 minutes? I'm on Bali time, so we're only a few hours apart."
102,SSKIN Australia,hello@sskinaus.com,07 5660 9691,sskinaus.com,AU,Gold Coast,Med spa / aesthetics,B,"clinic-outreach, grade-b, au",Four free ways into your database,"You offer a free 15-minute virtual consult, a free in-clinic consult and consultations with visiting Sydney plastic surgeons at Robina, plus a membership programme and gift cards.

With no paid gate on any of them, plenty of people raise a hand and go quiet. Those lapsed members and consults that never turned into treatment are likely sitting idle in Timely.",Timely,"Worth 15 minutes? I'm on Bali time, so we're only a few hours apart."
112,Cleage Clinic,info@cleageclinic.co.uk,0113 519 7011,cleageclinic.co.uk,UK,Leeds (+ Bradford),Med spa / aesthetics,B,"clinic-outreach, grade-b, uk",Free consultations across Horsforth and Bradford,"You offer a free initial consultation at both Horsforth and Bradford, and both clinics book through the one Aesthetic Nurse Software portal.

That puts everyone who came in for a free consult and never booked a treatment in a single list, which is usually the warmest list a clinic has and the least worked.",Aesthetic Nurse Software,"Worth 15 minutes? I'm on Bali time, so I can take a call in your morning."
113,Aesthetica Medical,info@aesthetica-medical.co.uk,0113 531 9755,aesthetica-medical.co.uk,UK,Leeds (+ Altrincham),Med spa / aesthetics,B,"clinic-outreach, grade-b, uk",Six laser sessions for £999,"Your current offer prices a six-session full-body laser course at £999 against a usual £2,700, across the Leeds and Altrincham clinics.

Discounted courses fill the diary, but they also leave people in Timely who stopped part-way, and likely a few Profhilo or filler consultations that never turned into a booking.",Timely,"Worth 15 minutes? I'm on Bali time, so I can take a call in your morning."
126,Bloom Clinic,info@bloomclinic.co.nz,027 5555 317,bloomclinic.co.nz,NZ,Wellington (Te Aro) + Auckland (Rosedale),Med spa / aesthetics,B,"clinic-outreach, grade-b, nz","Genoapay, but only in clinic","You offer Genoapay, but only in clinic, so anyone in Te Aro or Rosedale who wanted to spread the cost had to come back in person to do it.

The people who meant to and never did are still in Timely, along with gift card and shop voucher holders who may not have been back since.",Timely,"Worth 15 minutes? I'm on Bali time, so your afternoon is my morning."
128,Clinic4O2,info@clinic4o2.co.nz,0508 402 402,clinic4o2.co.nz,NZ,"Auckland (Takanini, South Auckland)",Med spa / aesthetics,B,"clinic-outreach, grade-b, nz","Five towns, one 0508 number","You market across Pukekohe, Papakura, Manukau and Franklin from a single Takanini clinic and one 0508 number.

Everything that wide a catchment produces ends up in Kitomba: gift voucher holders, Afterpay starters and enquiries from a few towns away who probably never got a second call.",Kitomba,"Worth 15 minutes? I'm on Bali time, so your afternoon is my morning."
141,Peace Love Med,info@peacelovemed.com,,peacelovemed.com,US,"Boca Raton + Aventura, FL",Med spa / aesthetics,B,"clinic-outreach, grade-b, us",Cherry pre-approvals that never booked,"You run your own Cherry financing portal alongside Square gift cards across Boca Raton and Aventura.

That is two separate lists of people who got as far as arranging how to pay and then did not book: the ones who pre-qualified for financing, and the ones still holding a gift card balance.",Square Appointments,"Worth 15 minutes? I'm on Bali time, so your evening is my morning and I can work around you."
143,NYAH Med Spa,feedback@nyahmedspa.com,(678) 687-8444,nyahmedspa.com,US,"Alpharetta / Atlanta / Suwanee / Braselton, GA",Med spa / aesthetics,B,"clinic-outreach, grade-b, us","Four locations, four Mindbody studios","Each of your four Georgia locations runs as its own Mindbody studio, all selling the same laser and injectable menu.

That means four client lists that never talk to each other. The patients who came once and stopped are split four ways, and nobody is looking at the overlap.",each of your Mindbody studios,"Worth 15 minutes? I'm on Bali time, so your evening is my morning and I can work around you."
148,Houstons Medspa + Wellness (HTX MD Spa),help@htxmdspa.com,(832) 835-2545,htxmdspa.com,US,"Houston (Downtown + Champions), TX",Med spa / aesthetics,B,"clinic-outreach, grade-b, us",Two locations on two Vagaro accounts,"Your Downtown and Champions locations book through two separate Vagaro accounts, with VIB, Lavish and Express memberships across them.

So a member at one site is invisible at the other. Anyone who lapsed, or got approved through Cherry and never booked, is sitting in whichever account they happened to start in.",both of your Vagaro accounts,"Worth 15 minutes? I'm on Bali time, so your evening is my morning and I can work around you."
149,Aesthetica MD Med Spa,info@aestheticamdmedspa.com,,aestheticamdmedspa.com,US,"Houston (Energy Corridor), TX",Med spa / aesthetics,B,"clinic-outreach, grade-b, us",Memberships from $99 to $499 a month,"Your memberships run at $99, $299 and $499 a month, priced purely by how many treatments are included, with Cherry financing alongside.

That makes every lapsed member a known monthly value. The case for going back to them is about as easy to put as it gets, and they are already in Vagaro.",Vagaro,"Worth 15 minutes? I'm on Bali time, so your evening is my morning and I can work around you."
150,SLM Medspa,info@slmmedspa.com,678.820.1020,slmmedspa.com,US,"Atlanta (Howell Mill Rd), GA",Med spa / aesthetics,B,"clinic-outreach, grade-b, us","Gold, Diamond and Platinum, on Vagaro","You run Gold, Diamond and Platinum membership tiers on Vagaro, each offering priority booking and discounts on premium services, alongside a full injectables menu.

So the members who lapsed are already sorted by how much they used to spend. The Platinum ones who stopped coming are probably the first list worth working.",Vagaro,"Worth 15 minutes? I'm on Bali time, so your evening is my morning and I can work around you."
151,Skin Social Med Spa,info@skinsocialspa.com,(470) 823-7842,skinsocialspa.com,US,"Sandy Springs (Atlanta), GA",Med spa / aesthetics,B,"clinic-outreach, grade-b, us",Botox Bank units with a six-month expiry,"Your $100 a month membership banks five Botox units a month up to a thirty-unit cap, and those units expire after six months if unused.

That is a dated list of members about to lose something they already paid for. Most of them would rather hear from you before the units go than after.",GoHighLevel,"Worth 15 minutes? I'm on Bali time, so your evening is my morning and I can work around you."
161,AOB Aesthetics,support@aobaesthetics.com,(949) 658-3169,aobaesthetics.com,US,"Newport Beach, CA",Med spa / aesthetics,B,"clinic-outreach, grade-b, us",Gift cards and free consults on Boulevard,"You sell gift cards through Boulevard's own commerce, next to payment plans, new-patient specials and a free consultation as the main call to action in Newport Beach.

So the unredeemed balances and the consults that never turned into treatment are already itemized in the same system as your bookings. Nobody has to dig for them.",Boulevard,"Worth 15 minutes? I'm on Bali time, so your evening is my morning and I can work around you."
162,The Clinic Medspa,info@theclinicmedspa.com,206.350.7202,theclinicmedspa.com,US,"Bellevue, WA",Med spa / aesthetics,B,"clinic-outreach, grade-b, us",Wednesday to Sunday on Aesthetic Record,"You trade Wednesday through Sunday, both weekend days included, with a menu running from Botox and Kybella to Sculptra and Morpheus8, and a membership program on Aesthetic Record.

A week that busy tends to leave a trail: lapsed members, newsletter sign-ups who never booked, and one-time patients who never came back for round two.",Aesthetic Record,"Worth 15 minutes? I'm on Bali time, so your evening is my morning and I can work around you."
163,Beauty Factory MedSpa,info@beautyfactorymedspa.com,(702) 352-3560,beautyfactorymedspa.com,US,"Las Vegas, NV",Med spa / aesthetics,B,"clinic-outreach, grade-b, us","Five Self-Care Club tiers, $149 to $350","Your Self-Care Club runs five tiers from $149 to $350 a month, on top of gift cards, prepaid plans and a seven-day Las Vegas schedule.

Every member who cancelled has already told you what they used to spend each month. That is five price points of lapsed members sitting in SpaTime, each with an obvious offer attached.",SpaTime,"Worth 15 minutes? I'm on Bali time, so your evening is my morning and I can work around you."
173,Urban Aesthetic Med Spa,info@urbanaestheticmedspa.com,(201) 731-4000,urbanaestheticmedspa.com,US,"Jersey City, NJ",Med spa / aesthetics,B,"clinic-outreach, grade-b, us","Free consults, in person and virtual","You offer complimentary consultations two ways, in person and virtual, through your Aesthetic Record portal in Jersey City.

Virtual consults tend to be the ones that drift, because the patient never walked through the door. Those people are probably still in Aesthetic Record, waiting for someone to ask if they are still interested.",Aesthetic Record,"Worth 15 minutes? I'm on Bali time, so your evening is my morning and I can work around you."
90,Woodford Medical,enquiries@woodfordmedical.com,01245 227983,woodfordmedical.com,UK,"Danbury, Essex (+ Marylebone, Sawston, Belfast, Leamington Spa)",Med spa / aesthetics,C,"clinic-outreach, grade-c, uk","Nine years of injectables, five clinics","One of the testimonials on your homepage opens with a patient who has been having injectables at Woodford Medical for over nine years, and you now have sixteen practitioners across five clinics.

I couldn't see which booking system sits behind the enquiry form, but a patient base that long and wide usually holds a lot of people who had one consultation or one course and simply stopped.",the booking system you already use,"Worth 15 minutes? I'm on Bali time, so I can take a call in your morning."
119,Manchester Private Hospital,info@manchesterprivatehospital.co.uk,,manchesterprivatehospital.uk,UK,"Manchester (+ London, Liverpool, Birmingham)",Plastic surgery,C,"clinic-outreach, grade-c, uk",Eighteen surgeons and the free consultation gap,"You have eighteen surgeons across Manchester, London, Liverpool and Birmingham, offering free consultations into procedures like breast augmentation from £6,000 and facelifts from £12,500.

At those prices, the gap between a free consult and a booked operation is where most of the money sits, and it is usually the part nobody has time to chase.",the booking system you already use,"Worth 15 minutes? I'm on Bali time, so I can take a call in your morning."
120,UK Aesthetic,enquiry@ukaesthetic.com,,ukaesthetic.com,UK,Manchester,Plastic surgery,C,"clinic-outreach, grade-c, uk",Two surgeons and the enquiries in between,"You run a full surgical menu in Manchester under two named plastic surgeons, Humayun Ayub Khan and Rachel Holt.

Surgical decisions take a while, so practices like yours usually carry a backlog of consultations and enquiries from the past year or two that never went any further.",the booking system you already use,"Worth 15 minutes? I'm on Bali time, so I can take a call in your morning."
121,Victoria House Clinic,info@victoriahouseclinic.co.uk,,victoriahouseclinic.co.uk,UK,Birmingham,Plastic surgery,C,"clinic-outreach, grade-c, uk",Twelve Dermalux sessions for £100,"You sell twelve Dermalux sessions for £100, alongside the surgical work Mr Filobbos and Mr Maher do in Birmingham.

A course like that fills the diary, but it also leaves a trail of people who stopped turning up halfway through, and some of them are exactly who you would want back for a consultation.",the booking system you already use,"Worth 15 minutes? I'm on Bali time, so I can take a call in your morning."
122,Yorkshire Skin Centre,hello@yorkshireskincentre.co.uk,,yorkshireskincentre.co.uk,UK,Leeds,Med spa / aesthetics,C,"clinic-outreach, grade-c, uk","Three consultation tiers, up to £150","Your consultations are paid at three tiers, £30 with a practitioner, £50 with a doctor or nurse and £150 with a surgeon, with courses running up to £1,260.

So every past consultation was a paying, qualified lead, and the people who paid and never booked, or stopped part-way through a course, are the obvious place to start.",the booking system you already use,"Worth 15 minutes? I'm on Bali time, so I can take a call in your morning."
135,Hobart Plastic Surgery,clinic@hobartplasticsurgery.com,03 6128 3344,hobartplasticsurgery.com.au,AU,Hobart,Plastic surgery,C,"clinic-outreach, grade-c, au",The 20% that ends at the VISIA scan,"Your AviClear packages run from $2,850 to $3,650, and the 20% discount only holds if it is bought at the initial VISIA 3D consultation.

So everyone who had the scan and did not commit on the day is a priced, known intent that walked away from a discount. Add the $50 dermal consultations that never became treatment, and that is a list worth working.",the booking system you already use,"Worth 15 minutes? I'm on Bali time, so we're only a few hours apart."
136,Fitzgerald Private Clinic,dublin@fitzgeraldprivateclinic.com,,fitzgeraldprivateclinic.com,IE,Dublin (Anne's Lane) + Letterkenny,Med spa / aesthetics,C,"clinic-outreach, grade-c, ie",Gift vouchers across Dublin and Donegal,"You sell gift vouchers in both digital and postal formats across your Dublin and Letterkenny clinics.

That tends to leave unredeemed balances spread across two sites and two formats, sitting alongside the past patients and enquiries who came in once and were never asked back. Usually nobody's job is to chase either list.",the booking system you already use,"Worth 15 minutes? I'm on Bali time, so I can take a call in your morning."
140,Sanctuary Medical Aesthetic Center,info@sanctuarymedical.com,561-886-0970,sanctuarymedical.com,US,"Boca Raton + Fort Lauderdale, FL",Plastic surgery,C,"clinic-outreach, grade-c, us",Seven physicians and the Sanctuary Society,"You have seven physicians across Boca Raton and Fort Lauderdale, covering plastic surgery, dermatology, functional medicine and hair restoration, with the Sanctuary Society Membership on top.

A lot of people have been through that door. The consult requests that never booked, the members who lapsed and the patients who looked at CareCredit or Cherry are probably sitting there unworked.",the booking system you already use,"Worth 15 minutes? I'm on Bali time, so your evening is my morning and I can work around you."
144,Total Med Solutions,info@totalmedsolutions.com,214-987-9200,totalmedsolutions.com,US,"Plano / Dallas / Fort Worth and 5 more, TX",Med spa / aesthetics,C,"clinic-outreach, grade-c, us",Eight clinics and one appointments inbox,"You have eight clinics across Dallas-Fort Worth, each with its own direct line, plus a dedicated appointments inbox and a Beauty Boost loyalty program.

Somebody there is already handling inbound by hand. At that volume, the inquiries that never booked and the loyalty members who drifted off are most likely sitting untouched.",the booking system you already use,"Worth 15 minutes? I'm on Bali time, so your evening is my morning and I can work around you."
145,Fort Worth Plastic Surgery & MedSpa,info@fwpsc.com,817.810.0770,fortworthplasticsurgery.com,US,"Fort Worth + Weatherford, TX",Plastic surgery,C,"clinic-outreach, grade-c, us",The $150 consult that became a plan,"You charge $150 for a consultation, described as part of creating a custom treatment plan, and hold Allergan Top 10 Provider status across Fort Worth and Weatherford.

The people who paid for that plan and never booked it are both qualified and already sold on the practice. They are likely the warmest list you have.",the booking system you already use,"Worth 15 minutes? I'm on Bali time, so your evening is my morning and I can work around you."
147,Glo Med Spa,info.glomedspaaustin@gmail.com,,glomedspaaustin.com,US,"Austin, TX",Med spa / aesthetics,C,"clinic-outreach, grade-c, us","Four ways in, nothing pulling back","You run a monthly membership and a VIP program alongside gift cards through The Gift Card Cafe, plus both Cherry and CareCredit financing.

That is four different ways someone ends up on your list, and no sign anything pulls them back. The lapsed members and unredeemed gift card holders are probably the first place to look.",the booking system you already use,"Worth 15 minutes? I'm on Bali time, so your evening is my morning and I can work around you."
164,Beverly Hills Plastic Surgery Group,info@bhpsg.com,(310) 275-6600,beverlyhillsplasticsurgerygroup.com,US,"Beverly Hills, CA",Plastic surgery,C,"clinic-outreach, grade-c, us",Four surgeons and one Cherry payment page,"You have four board-certified surgeons working from one Bedford Drive suite, a med spa arm alongside them, and a dedicated Cherry payment-plan page.

The people who applied for finance and never went ahead with surgery are a known, named list, and most practices stop calling them once the consultation goes quiet.",the booking system you already use,"Worth 15 minutes? I'm on Bali time, so your evening is my morning and I can work around you."
165,Guerra Plastic Surgery Center,contact@myfaceandbody.com,(480) 571-7625,guerramedspa.com,US,"Scottsdale, AZ",Plastic surgery,C,"clinic-outreach, grade-c, us",A $25 fee and a card on file,"You ask for a card on file for every appointment and charge a $25 scheduling fee on non-surgical procedures, alongside a tiered Medspa VIP Membership, Alle and Aspire.

So every no-show and lapsed booking is already an identified record with payment details attached. Those are the easiest people to bring back, and usually the least chased.",the booking system you already use,"Worth 15 minutes? I'm on Bali time, so your evening is my morning and I can work around you."
166,The Look Med Spa,info@thelookmedspalv.com,1.702.246.2238,thelookmedspalv.com,US,"Las Vegas, NV",Med spa / aesthetics,C,"clinic-outreach, grade-c, us",Neurotoxin Club credits on a twelve-month clock,"Your Neurotoxin Club sells four treatments for $2,000 to be used within twelve months of purchase, and the Glow & Restore Bundle prepays a full year at $3,500.

Both leave dated balances behind. Anyone who bought in and stopped coming has treatments on a clock, which is a reason to call that needs no sales pitch.",the booking system you already use,"Worth 15 minutes? I'm on Bali time, so your evening is my morning and I can work around you."
167,My Botox LA Med Spa,info@mybotoxla.com,(818) 850-3345,mybotoxla.com,US,"Studio City, Los Angeles, CA",Med spa / aesthetics,C,"clinic-outreach, grade-c, us",The $150 consult that went home to think,"Your first consultation costs $150 and only counts toward treatment booked the same day.

So everyone who consulted and went away to think about it paid $150 for the opinion and never got the credit back. In most clinics, nobody calls them to say the door is still open.",the booking system you already use,"Worth 15 minutes? I'm on Bali time, so your evening is my morning and I can work around you."
181,Forte Faces,info@fortefaces.com,(267) 638-5361,fortefaces.com,US,"Conshohocken, PA",Med spa / aesthetics,C,"clinic-outreach, grade-c, us",The $50 welcome offer in Conshohocken,"You run a $50 welcome offer on a first appointment, alongside memberships and PatientFi financing, all booked through Boulevard.

Everyone who took the offer and did not come back is already identified, and already discounted once. They are the simplest people in your system to invite back.",Boulevard,"Worth 15 minutes? I'm on Bali time, so your evening is my morning and I can work around you."
182,Yofi Med Spa,Info@yofiaesthetics.com,(267) 710-9562,yofiaesthetics.com,US,"Philadelphia (Old City), PA",Med spa / aesthetics,C,"clinic-outreach, grade-c, us",Elite and VIP prepaid packages,"You sell two prepaid package tiers, Elite and VIP, with discounts on both products and procedures, through Aesthetic Record in Old City.

Prepaid tiers that go unused are the simplest thing in the world to call someone about, and most clinics never get around to it.",Aesthetic Record,"Worth 15 minutes? I'm on Bali time, so your evening is my morning and I can work around you."
